title;start;copyConfigFrom;cm_NDC_sensitivity_majorEmitter;cm_NDC_CO2PriceLimit;cm_NDC_targetYear;CES_parameters;slurmConfig;regionmapping;extramappings_historic;cm_rcp_scen;subsidizeLearning;cm_prtpScen;capitalMarket;cm_iterative_target_adj;cm_budgetCO2from2020;cm_budgetCO2_absDevTol;carbonprice;carbonpriceRegi;cm_taxCO2_functionalForm;cm_taxCO2_startyear;cm_peakBudgYr;cm_taxCO2_regiDiff;cm_emiscen;c_regi_earlyreti_rate;c_tech_earlyreti_rate;c_NearTermProjectCompletion;cm_fetaxscen;c_agricult_base_shift;cm_bioenergy_SustTax;cm_33EW;cm_33OAE;cm_33_OAE_limit_EEZ;cm_frac_NetNegEmi;c_ccsinjecratescen;c_ccsinjecrateRegi;c_ccscapratescen;cm_CESMkup_build;cm_ind_energy_limit;cm_ind_energy_limit_manual;cm_wasteIncinerationCCSshare;techpol;regipol;cm_emiMktTarget;cm_emiMktTarget_tolerance;cm_GDPpopScen;cm_demScen;cm_oil_scen;cm_gas_scen;cm_coal_scen;c_techAssumptScen;cm_nucscen;cm_so2tax_scen;cm_multigasscen;cm_LU_emi_scen;cm_tradecostBio;trade;cm_trade_SE_exog;cm_import_EU;cm_SEtaxRampUpParam;cm_implicitQttyTargetType;cm_implicitQttyTarget;cm_1stgen_phaseout;cm_bioprod_regi_lim;cm_import_tax;c_SSP_forcing_adjust;cm_APssp;cm_CESMkup_ind;cm_EDGEtr_scen;c_changeProdCost;cm_startyear;path_gdx;path_gdx_ref;path_gdx_bau;path_gdx_refpolicycost;description
# H12 SSP2;;;;;;;;;;;;;;;;;;;;;;;;;;;;;;;;;;;;;;;;;;;;;;;;;;;;;;;;;;;;;;;;;;;;;;;;;;;
SSP2-NPi2025-calibrate;0;;;;;calibrate;14;;;;;;;;;;;;;;;;;;;;;;;;;;;;;;;;;;;;;;;;;;;;;;;;;;;;;;;;;;;;;;;2005;;;;;SSP2-NPi2025-calibrate: This reference policy/baseline scenario follows the Shared Socioeconomic Pathways 2 called Middle of the Road.
SSP2-NDC-LTS;0;;;;;;;;;rcp37;globallyOptimal;;;3;;;NDC;netZero;;;;;;EUR_regi 0.08, USA_regi 0.07, CHA_regi 0.07, CAZ_regi 0.07,  JPN_regi 0.07, GLO 0.06;;transformative;;;;;;;;;;;;;;;;;;;;;;;;;;;2;;;;;;;;;;;;;;;Mix4ICEban;1;2030;;SSP2-NPi2025;SSP2-NPi2025;SSP2-NPi2025;SSP2-NDC-LTS: Long-term-strategy, this scenario follows the NDCs until 2035 and starts rescaling the carbon prices from 2040 to reach national net-zero pledges. 
SSP2-NDC;0;;;;;;;;;rcp37;globallyOptimal;;;3;;;NDC;;;;;;;EUR_regi 0.08, USA_regi 0.07, CHA_regi 0.07, CAZ_regi 0.07,  JPN_regi 0.07, GLO 0.06;;transformative;;;;;;;;;;;;;;;;;;;;;;;;;;;;;;;;;;;;;;;;;;Mix3ICEban;1;2030;;SSP2-NPi2025;SSP2-NPi2025;SSP2-NPi2025;SSP2-NDC: This Nationally Determined Contribution (NDC) scenario follows the Shared Socioeconomic Pathways 2 called Middle of the Road. It assumes NPi2025 until 2025 and has start year 2030. The NDC includes all pledged policies even if not yet implemented. It assumes that the moderate and heterogeneous climate ambition reflected in the NDCs at the begining of 2021 continues over the 21st century.
SSP2-NPi2025;1;;;;;;;;;;;;;0;;;;;;;;;;;;;;;;;;;;;;;;;;;;;;;;;;;;;;;;;;;;;;;;;;;;;;;;2005;;;;;SSP2-NPi2025: This National Policies Implemented (NPi) scenario follows the Shared Socioeconomic Pathways 2 called Middle of the Road. The NPi reflects currently implemented policies, while fulfilling near-term feasibility and long-term plausibility assessments. Emissions trajectories are aligned with bottom-up studies on the effect of currently implemented policies. Carbon prices are constant in the mid- and long-term.
SSP2-PkBudg750;0;;;;;;;;;rcp20;globallyOptimal;;;9;750;;functionalForm;;;100;2055;6;;EUR_regi 0.08, USA_regi 0.07, CHA_regi 0.07, CAZ_regi 0.07,  JPN_regi 0.07, GLO 0.06;;transformative;;;;;;;;;;;;;;2050.GLO 0.9;;;;;;;;;;;;;2;;;;;;;;;;;;;;Elec_Push;Mix4ICEban;1;2030;;SSP2-NPi2025;;SSP2-NPi2025;SSP2-PkBudg750: This climate policy scenario follows the Shared Socioeconomic Pathways 2 called Middle of the Road. The stylized climate policy scenario assumes a peak budget of 750 Gt CO2 on total CO2 emissions from 2015 to 2100. This is a 1.5C scenario, peak warming is allowed to be at or slightly above 1.5C at median climate sensitivity but returns to values below 1.5C in at least 67 % of scenarios by the end of the century.
# Paper Runs;;;;;;;;;;;;;;;;;;;;;;;;;;;;;;;;;;;;;;;;;;;;;;;;;;;;;;;;;;;;;;;;;;;;;;;;;;;
NDC_def;0;SSP2-NDC;;;;;;;;;;;;;;;;;;;;;;;;;;;;;;;;;;;;;;;;;;;;;;;;;;;;;;;;;;;;;;;;;;;;;;;;;
NDC_plausible;0;SSP2-NDC;plausible;;;;;;;;;;;;;;;;;;;;;;;;;;;;;;;;;;;;;;;;;;;;;;;;;;;;;;;;;;;;;;;;;;;;;;;;
NDC_nolim;1;SSP2-NDC;plausible;off;;;;;;;;;;;;;;;;;;;;;;;;;;;;;;;;;;;;;;;;;;;;;;;;;;;;;;;;;;;;;;;;;;;;;;;
NDC_nolim_maxamb;0;SSP2-NDC;max_ambition;off;;;;;;;;;;;;;;;;;;;;;;;;;;;;;;;;;;;;;;;;;;;;;;;;;;;;;;;;;;;;;;;;;;;;;;;
NDC_nolim_minamb;0;SSP2-NDC;min_ambition;off;;;;;;;;;;;;;;;;;;;;;;;;;;;;;;;;;;;;;;;;;;;;;;;;;;;;;;;;;;;;;;;;;;;;;;;
NDC_nolim_2035;1;SSP2-NDC;plausible;off;2035;;;;;;;;;;;;;;;;;;;;;;;;;;;;;;;;;;;;;;;;;;;;;;;;;;;;;;;;;;;;;;;;;;;;;;
NDC_nolim_2030;1;SSP2-NDC;plausible;off;2030;;;;;;;;;;;;;;;;;;;;;;;;;;;;;;;;;;;;;;;;;;;;;;;;;;;;;;;;;;;;;;;;;;;;;;
NDC_nolim_2030_maxamb;0;SSP2-NDC;max_ambition;off;2030;;;;;;;;;;;;;;;;;;;;;;;;;;;;;;;;;;;;;;;;;;;;;;;;;;;;;;;;;;;;;;;;;;;;;;
NDC_nolim_2030_minamb;0;SSP2-NDC;min_ambition;off;2030;;;;;;;;;;;;;;;;;;;;;;;;;;;;;;;;;;;;;;;;;;;;;;;;;;;;;;;;;;;;;;;;;;;;;;
NDC_nolim_2035_maxamb;0;SSP2-NDC;max_ambition;off;2035;;;;;;;;;;;;;;;;;;;;;;;;;;;;;;;;;;;;;;;;;;;;;;;;;;;;;;;;;;;;;;;;;;;;;;
NDC_nolim_2035_minamb;0;SSP2-NDC;min_ambition;off;2035;;;;;;;;;;;;;;;;;;;;;;;;;;;;;;;;;;;;;;;;;;;;;;;;;;;;;;;;;;;;;;;;;;;;;;
